Dataset,Loss,Acc
Train,0.05190578741071125,0.9835667014122009
Val,0.058406657010789946,0.9812300319488818
Test,0.058406657010789946,0.9812300319488818
