Dataset,Loss,Acc
Train,2.1337172406191103,0.44753679633140564
Val,2.3693316215143416,0.4104432907348243
Test,2.3693316215143416,0.4104432907348243
