Dataset,Loss,Acc
Train,2.0906122426986693,0.22374999523162842
Val,1.9489198488930164,0.3018170926517572
Test,1.9313805465119334,0.3068091054313099
