Dataset,Loss,Acc
Train,2.082798291873932,0.22267499566078186
Val,1.8620246717343316,0.32438099041533547
Test,1.8390593848670254,0.3373602236421725
