Dataset,Loss,Acc
Train,1.1091772227287293,0.6078000068664551
Val,1.0459464662752973,0.6333865814696485
Test,1.038747046702205,0.6357827476038339
