Dataset,Loss,Acc
Train,0.8269467498540878,0.7104499936103821
Val,0.9549044116426961,0.6870007987220448
Test,0.9338095838459917,0.6902955271565495
