Dataset,Loss,Acc
Train,1.0796843220710755,0.6182500123977661
Val,1.0152643474336631,0.6479632587859425
Test,0.997178990810443,0.648861821086262
